{
  "val": {
    "val/loss": 1.6566218137741089,
    "val/auroc": 0.9090969562530518,
    "val/f1": 0.48365432024002075,
    "val/acc1": 0.6326032876968384,
    "val/acc5": 0.9589846134185791
  },
  "test": {
    "test/loss": 1.6549049615859985,
    "test/auroc": 0.8945138454437256,
    "test/f1": 0.49515265226364136,
    "test/acc1": 0.6400566697120667,
    "test/acc5": 0.9513814449310303
  }
}