{
  "val": {
    "val/loss": 1.6271477937698364,
    "val/auroc": 0.9098904132843018,
    "val/f1": 0.5956220030784607,
    "val/acc1": 0.6873188018798828,
    "val/acc5": 0.9371546506881714
  },
  "test": {
    "test/loss": 1.64339280128479,
    "test/auroc": 0.9057542085647583,
    "test/f1": 0.5869530439376831,
    "test/acc1": 0.6682850122451782,
    "test/acc5": 0.9351539611816406
  }
}